Continuous Number,Sequence Number,Collection Type,Route,Pos Dir Dir,Pos Lanes,Neg Lanes,Urban/Rural,Functional Class,County Name,Location Text
26,5707,WIM,I-35,North,2,2,Rural,Interstate,Steele,"3.5 MI N OF TH30, N OF ELLENDALE"
27,9830,WIM,TH 60,East,2,2,Rural,Principal Arterial - Other,Watonwan,"0.7 MI W OF W JCT OF TH4, SW OF ST JAMES"
28,22993,"ATR Volume, Speed, Class",MSAS 114,East,1,1,Urban,Minor Arterial,Stearns,W OF 20TH AVE N IN ST CLOUD
29,69377,WIM,TH 53,North,2,2,Rural,Principal Arterial - Other,Saint Louis,"3 MI S OF CSAH59 (MELRUDE RD), S OF EVELETH"
30,6757,WIM,TH 61,North,2,2,Rural,Principal Arterial - Other,Lake,"SW OF CSAH25, SW OF TWO HARBORS"
31,4332,WIM,TH 2,East,2,2,Rural,Principal Arterial - Other,Polk,"NW OF CSAH63 (100TH AVE SW), SE OF E GR FORKS"
32,67740,WIM,TH 52,North,2,2,Rural,Principal Arterial - Other Freeways and Expressways,Olmsted,".25 MI N OF CSAH12 (100TH ST NW), S OF ORONOCO"
33,4669,WIM,TH 212,East,1,1,Rural,Principal Arterial - Other,Renville,".7 MI E OF CSAH14 (1ST ST N), E OF OLIVIA"
34,797,WIM,TH 23,North,1,1,Rural,Principal Arterial - Other,Chippewa,"1.1 MI NE OF CR3 (80TH AVE SE), SW OF CLARA CITY"
35,1066,WIM,TH 2,East,2,2,Rural,Principal Arterial - Other,Clearwater,".5 MI W OF CSAH30, E OF BAGLEY"
37,6782,WIM,I-94,East,2,2,Rural,Interstate,Wright,1.2 MI NW OF CSAH19 (LA BEAUX AVE) IN OTSEGO
38,9823,WIM,I-535,North,2,2,Urban,Interstate,Saint Louis,SW OF MSAS149 (GARFIELD AVE) IN DULUTH
39,6361,WIM,TH 43,North,1,1,Urban,Minor Arterial,Winona,NE OF MSAS101 (2ND ST) IN WINONA
40,11537,WIM,TH 52,North,2,2,Urban,Principal Arterial - Other Freeways and Expressways,Dakota,.5 MI N OF CSAH14 (SOUTHVIEW BLVD) IN W ST PAUL
41,9817,WIM,CSAH 14,North,1,1,Rural,Major Collector,Polk,"1.3 MI N OF CSAH45, S OF CROOKSTON"
42,11128,WIM,TH 61,North,2,2,Urban,Principal Arterial - Other,Washington,".4 MI S OF TH95 (MANNING AVE S), S OF COTTAGE GROVE"
43,6733,WIM,TH 10,East,2,2,Rural,Principal Arterial - Other,Clay,"0.3 W OF CR68 (90TH ST S), W OF GLYNDON"
44,9819,WIM,CSAH 1,East,1,1,Rural,Minor Arterial,Crow Wing,"W OF CR134, W OF MANHATTAN BEACH"
45,9893,WIM,CSAH 14,East,1,1,Urban,Principal Arterial - Other,Anoka,.7 MI W OF CSAH17 (LEXINGTON AVE NE) IN BLAINE
46,9818,WIM,CSAH 1,North,1,1,Rural,Major Collector,Dodge,"0.6 MI S OF CSAH24, W OF WEST CONCORD"
47,11072,WIM,TH 36,East,2,2,Urban,Principal Arterial - Other,Washington,.2 MI W OF CSAH24 (OSGOOD AVE N) IN OAK PARK HEIGHTS
48,9820,WIM,CSAH 5,North,1,1,Rural,Major Collector,Cottonwood,"0.4 MI N OF CR53, N OF STORDEN"
49,3718,WIM,I-90,East,2,2,Urban,Interstate,Nobles,W OF TH59 (HUMISTAN AV) IN WORTHINGTON
51,9815,"ATR Volume, Speed, Class",CSAH 40,East,1,1,Rural,Major Collector,Hubbard,"E OF TH71, N OF PARK RAPIDS"
59,6264,WIM,I-90,East,2,2,Rural,Interstate,Winona,".3 MI E OF TH61, N OF LA CRESCENT"
103,9825,"ATR Volume, Speed, Class",I-35,North,2,2,Urban,Interstate,Saint Louis,E OF MSAS107 (CENTRAL AVE) IN DULUTH
110,9827,ATR Volume,TH 53,North,2,2,Urban,Principal Arterial - Other,Saint Louis,SE OF CSAH6 (MAPLE GROVE RD) IN DULUTH
164,6763,"ATR Volume, Speed, Class",TH 53,North,2,2,Rural,Principal Arterial - Other,Saint Louis,"S OF N MOON LAKE DR, S OF EVELETH"
175,6776,"ATR Volume, Speed, Class",I-94,East,2,2,Rural,Interstate,Stearns,"E OF CR186, SE OF SAUK CENTRE"
179,6746,"ATR Volume, Speed, Class",TH 59,North,1,1,Rural,Principal Arterial - Other,Lyon,"S OF CSAH14 (110TH ST), E OF GARVIN"
187,6775,"ATR Volume, Speed, Class",TH 10,North,2,2,Rural,Principal Arterial - Other,Benton,"1 MI S OF CR40 (155TH ST NW), N OF RICE"
191,6784,"ATR Volume, Speed, Class",I-35,North,2,2,Urban,Interstate,Chisago,"1.5 MI N OF CSAH22 (E VIKING BLVD), N OF WYOMING"
198,9831,"ATR Volume, Speed, Class",TH 212,East,1,1,Rural,Principal Arterial - Other,Renville,"E OF TH23, E OF GRANITE FALLS"
199,6745,"ATR Volume, Speed, Class",TH 75,North,1,1,Rural,Minor Arterial,Pipestone,"0.5 MI S OF CSAH7 (151ST ST), N OF PIPESTONE"
200,6781,"ATR Volume, Speed, Class",I-94,North,2,2,Rural,Interstate,Wright,"1.1 MI NW OF CSAH8, SE OF CLEARWATER"
204,6780,"ATR Volume, Speed, Class",TH 169,North,2,2,Rural,Principal Arterial - Other,Mille Lacs,"0.3 MI N OF CSAH22 (350TH ST), S OF ONAMIA"
208,9832,"ATR Volume, Speed, Class",I-35,North,2,2,Rural,Interstate,Steele,"0.6 MI N OF CSAH9, N OF OWATONNA"
209,6723,"ATR Volume, Speed, Class",TH 75,North,1,1,Rural,Minor Arterial,Polk,"1.7 MI N OF CSAH23 (40TH AVE NW), SE OF WARREN"
210,6726,"ATR Volume, Speed, Class",TH 71,North,1,1,Rural,Principal Arterial - Other,Beltrami,"E OF TH72, NE OF BLACKDUCK"
211,6760,"ATR Volume, Speed, Class",TH 53,North,2,2,Rural,Principal Arterial - Other,Saint Louis,"1 MI NW OF CSAH65 (BISS RD), NW OF VIRGINIA"
212,6755,"ATR Volume, Speed, Class",TH 14,East,2,4,Urban,Principal Arterial - Other,Olmsted,"E OF CR104 (60TH AVE NW), W OF ROCHESTER"
214,6758,"ATR Volume, Speed, Class",TH 1,North,1,1,Rural,Minor Arterial,Lake,"1 MI NW OF CSAH7, N OF SILVER BAY"
218,6743,"ATR Volume, Speed, Class",TH 29,North,1,1,Rural,Minor Arterial,Chippewa,"S OF 120TH ST SE, NE OF MONTEVIDEO"
219,6765,"ATR Volume, Speed, Class",TH 2,East,1,1,Rural,Principal Arterial - Other,Itasca,"1 MI NW OF TH65, SE OF WARBA"
220,6727,"ATR Volume, Speed, Class",TH 71,North,1,1,Rural,Principal Arterial - Other,Hubbard,"S OF CR89, N OF PARK RAPIDS"
221,6728,"ATR Volume, Speed, Class",TH 34,North,2,1,Rural,Principal Arterial - Other,Hubbard,"1.5 NE OF CSAH2 (BUNYAN TRAILS RD), NE OF NEVIS"
222,6767,"ATR Volume, Speed, Class",TH 65,North,1,1,Rural,Minor Arterial,Aitkin,"0.6 MI N OF CSAH2, N OF MCGRATH"
223,6772,"ATR Volume, Speed, Class",TH 371,North,1,1,Rural,Principal Arterial - Other,Cass,"1 MI S OF TH200, SE OF WALKER"
225,6735,"ATR Volume, Speed, Class",TH 210,East,1,1,Rural,Principal Arterial - Other,Otter Tail,"2 MI W OF CSAH47, W OF BATTLE LAKE"
227,9833,"ATR Volume, Speed, Class",I-90,East,2,2,Rural,Interstate,Freeborn,"SW OF TH13, W OF ALBERT LEA"
228,30654,"ATR Volume, Speed, Class",CSAH 7,North,1,1,Rural,Major Collector,Itasca,"N OF CR339, W OF HIBBING"
229,19125,"ATR Volume, Speed, Class",CSAH 18,East,1,1,Rural,Major Collector,McLeod,"4.3 MI W OF CSAH7, SW OF HUTCHINSON"
230,33897,"ATR Volume, Speed, Class",CSAH 2,East,1,1,Rural,Minor Arterial,Rice,"3.4 MI W OF TH19 (INDEPENDENCE AVE), W OF LONSDALE"
231,29731,"ATR Volume, Speed, Class",CSAH 12,East,1,1,Rural,Major Collector,Wadena,"1.6 MI E OF CSAH18, E OF NIMROD"
232,18370,"ATR Volume, Speed, Class",CSAH 11,North,1,1,Rural,Major Collector,Grant,".6 MI S OF CSAH12, NE OF NORCROSS"
233,22510,"ATR Volume, Speed, Class",CSAH 9,North,1,1,Rural,Major Collector,Sibley,".7 MI N OF 226TH ST, N OF ARLINGTON"
301,9834,ATR Volume,I-94,East,4,4,Urban,Interstate,Ramsey,W OF VICTORIA ST IN ST PAUL
303,9836,ATR Volume,I-35E,North,3,3,Urban,Interstate,Ramsey,S OF MSAS109 (E ARLINGTON AVE) IN ST PAUL
305,6786,ATR Volume,I-35,North,3,3,Urban,Interstate,Dakota,S OF MSAS101 (CRYSTAL LAKE RD W) IN BURNSVILLE
309,9838,ATR Volume,TH 65,North,3,3,Urban,Principal Arterial - Other Freeways and Expressways,Hennepin,S OF CSAH 5 (E FRANKLIN AVE) IN MINNEAPOLIS
315,9843,ATR Volume,I-35W,North,3,3,Urban,Interstate,Hennepin,N OF MN RIVER BRIDGE IN BLOOMINGTON
321,9846,ATR Volume,I-494,East,3,3,Urban,Interstate,Hennepin,W OF I-35W IN BLOOMINGTON
326,9849,ATR Volume,I-394,East,3,3,Urban,Interstate,Hennepin,E OF TH100 IN MINNEAPOLIS
329,9851,ATR Volume,I-35W,North,2,2,Urban,Interstate,Hennepin,AT FRANKLIN AVE IN MINNEAPOLIS
335,9853,"ATR Volume, Speed, Class",I-35W,North,2,2,Urban,Interstate,Anoka,W OF CR53 (SUNSET AVE NE) IN BLAINE
336,9854,ATR Volume,I-35E,North,3,3,Urban,Interstate,Dakota,N OF MSAS102 (DEERWOOD DR) IN EAGAN
341,9858,"ATR Volume, Speed, Class",I-694,North,2,2,Urban,Interstate,Washington,S OF CSAH35 (50TH ST N) IN OAKDALE
342,9859,ATR Volume,I-94,East,3,3,Urban,Interstate,Hennepin,S OF CR30 (93RD AVE N) IN MAPLE GROVE
351,6789,"ATR Volume, Speed, Class",TH 12,East,1,1,Rural,Principal Arterial - Other,Hennepin,W OF CSAH92 IN INDEPENDENCE
352,6790,"ATR Volume, Speed, Class",TH 10,East,2,2,Urban,Principal Arterial - Other,Anoka,SE OF MSAS112 (153RD AVE NW) IN RAMSEY
353,6788,"ATR Volume, Speed, Class",TH 169,North,3,4,Rural,Principal Arterial - Other,Scott,"W OF CR59 (DELAWARE AVE), W OF JORDAN"
354,9861,"ATR Volume, Speed, Class",I-94,East,3,3,Urban,Interstate,Washington,W OF MSAS127 (COTTAGE GROVE DR) IN WOODBURY
365,9867,"ATR Volume, Speed, Class",TH 65,North,2,2,Urban,Principal Arterial - Other,Anoka,S OF CSAH116 (BUNKER LAKE BLVD NE) IN HAM LAKE
381,9870,"ATR Volume, Speed, Class",TH 212,East,1,1,Rural,Principal Arterial - Other,Carver,"1.7 MI W OF CSAH51, W OF COLOGNE"
382,9871,"ATR Volume, Speed, Class",TH 52,North,2,2,Rural,Principal Arterial - Other,Dakota,"N OF 180TH ST E, S OF COATES"
384,9873,"ATR Volume, Speed, Class",TH 36,East,2,2,Urban,Principal Arterial - Other,Washington,W OF WASHINGTON AVE IN STILLWATER
386,9875,"ATR Volume, Speed, Class",TH 97,North,1,1,Rural,Minor Arterial,Washington,E OF CSAH1 (LOFTON AVE N) IN SCANDIA
388,6783,"ATR Volume, Speed, Class",TH 8,North,1,1,Urban,Principal Arterial - Other,Chisago,"E OF MSAS121 (GREENWAY RD), N OF FOREST LAKE"
389,9877,ATR Volume,TH 280,North,2,2,Urban,Principal Arterial - Other,Ramsey,N OF CSAH30 (LARPENTEUR AVE W) IN LAUDERDALE
390,9878,"ATR Volume, Speed, Class",TH 61,North,1,1,Urban,Minor Arterial,Washington,.9 MI N OF CSAH8 IN HUGO
400,9879,"ATR Volume, Speed, Class",CSAH 92,North,1,1,Rural,Minor Arterial,Hennepin,S OF TH12 IN INDEPENDENCE
402,9881,"ATR Volume, Speed, Class",CSAH 31,North,2,2,Urban,Major Collector,Hennepin,S OF MSAS145 (W 70TH ST) IN EDINA
405,9883,ATR Volume,TH 169,North,2,2,Urban,Principal Arterial - Other Freeways and Expressways,Hennepin,N OF MSAS296 (CEDAR LAKE RD) IN ST LOUIS PARK
407,9885,"ATR Volume, Speed, Class",CSAH 15,East,1,1,Urban,Minor Arterial,Hennepin,NE OF SPATES AVE IN ORONO
410,9888,"ATR Volume, Speed, Class",CSAH 23,North,1,1,Rural,Minor Arterial,Scott,S OF CSAH 68 S OF PRIOR LAKE
420,9892,ATR Volume,CSAH 42,East,3,3,Urban,Principal Arterial - Other,Dakota,W OF MSAS101 (PORTLAND AVE) IN BURNSVILLE
425,9896,"ATR Volume, Speed, Class",CSAH 32,East,2,2,Urban,Minor Arterial,Dakota,W OF MSAS109 (JOHNNY CAKE RIDGE RD) IN EAGAN
458,9907,"ATR Volume, Speed, Class",MSAS 108,East,1,1,Urban,Local,Carver,0.3 MI W OF TH41 IN CHASKA
460,9909,ATR Volume,MSAS 128,East,1,1,Urban,Major Collector,Dakota,W OF MSAS122 (PINE ST) IN HASTINGS
464,9912,"ATR Volume, Speed, Class",CSAH 20,East,2,2,Urban,Minor Arterial,Ramsey,E OF TH61 IN MAPLEWOOD
495,495,"ATR Volume, Speed, Length",TH 169,North,2,2,Urban,Principal Arterial - Other,Blue Earth,.2 MI SW OF MN66 (SIBLEY ST) IN MANKATO
949,949,"ATR Volume, Speed, Length",I-94,East,3,2,Urban,Interstate,Clay,"W OF MN336, E OF MOORHEAD"
1335,1335,"ATR Volume, Speed, Length",I-94,East,2,2,Urban,Interstate,Douglas,"1.2 MI E OF MN29, S OF ALEXANDRIA"
1604,1604,"ATR Volume, Speed, Length",I-35,North,2,2,Rural,Interstate,Freeborn,".6 MI N OF CSAH1 (STATE LINE RD), SW OF TWIN LAKES"
1940,1940,"ATR Volume, Speed, Length",TH 44,East,1,1,Rural,Minor Arterial,Houston,".1 MI SW OF INDIAN SPRINGS RD, SW OF HOKAH"
3371,3371,"ATR Volume, Speed, Length",TH 25,North,1,1,Rural,Minor Arterial,Morrison,".1 MI N OF 273RD ST, NW OF HARDING"
3467,3467,"ATR Volume, Speed, Length",I-90,East,2,2,Rural,Interstate,Mower,".4 MI S OF CSAH2 (260TH ST), NW OF DEXTER"
3790,3790,"ATR Volume, Speed, Length",TH 63,North,2,2,Urban,Principal Arterial - Other,Olmsted,.2 MI N OF 85TH ST SE IN ROCHESTER
3801,6288,"ATR Volume, Speed, Length",I-90,East,2,2,Rural,Interstate,Winona,".8 MI W OF CSAH32, SE OF EYOTA"
4820,4820,"ATR Volume, Speed, Length",I-90,East,2,2,Rural,Interstate,Rock,"W OF CSAH 4, W OF BEAVER CREEK"
4910,4910,"ATR Volume, Speed, Length",TH 53,North,2,2,Rural,Principal Arterial - Other,Saint Louis,"N OF CSAH8 (DULUTH SAINT VINCENT RD), NW OF HERMANTOWN"
5984,5984,"ATR Volume, Speed, Length",TH 61,North,2,2,Rural,Principal Arterial - Other,Wabasha,".9 MI SE OF CSAH18, S OF KELLOGG"
6067,6067,"ATR Volume, Speed, Length",TH 10,East,2,2,Rural,Principal Arterial - Other,Wadena,".3 MI E OF 141ST AVE, W OF VERNDALE"
6224,6224,"ATR Volume, Speed, Length",I-94,East,2,2,Rural,Interstate,Wilkin,"W OF CSAH11, NW OF ROTHSAY"
